PRTR_Name;EUTL_Name
2 RG;
A Smit & Zoon BV;
A van de Groep en Zonen BV;
A.C. Hartman BV;
Aalberts Surface Technologies BV;
Aardgascompressorstation Wijngaarden;
Abbott Biologicals BV (Olst);
Abbott Healthcare Products BV (Weesp);
Abbott Laboratories B.V.;
ABL-Technic Uden BV;
AC Hartman BV;
AC ter Kuile BV;
Accsys Technologies;
adapa The Netherlands Amersfoort BV;
Adapa the Netherlands BV;
ADM WILD Netherlands BV;
AEB Amsterdam;
Afvalberging Derde Merwedehaven;
Afvalstoffen Terminal Moerdijk BV (ATM);
Afvalverwerking Stainkoeln BV;
Afvalverwerking Vink BV;
Afvalzorg Deponie BV (Nauerna);
AGC Flatglass Nederland BV;
Agristo NV;
Agro Care Wieringermeer;
Ahrend Produktiebedrijf Sint-Oedenrode BV;
Air Liquide Industrie BV;
Air Products HyCO 4 (Botlekweg);
Air Products Nederland BV (Botlek);
Air Products Nederland BV (Europoort);
Air Products Nederland BV (Pernis);
Akzo Nobel Car Refinishes BV;
Albemarle Catalysts Company B;
Albemarle Catalysts Company B.;
Albers Organic Minerals;
Alblasserdam Yachtbuilding BV (Oceanco);
Alco Energy Rotterdam;
Alcoa Nederland BV;
Aliphos Rotterdam BV;
Allnex Netherlands BV;
Almatis BV;
Alpha Assembly Solutions Netherlands BV;
Alphen;
Aludyne Netherlands BV;
Aluminium & Chemie Rotterdam BV;
Aluminium Hardenberg BV;
AMC Academisch Medisch Centrum;
Amcor Specialty Cartons Brabant BV;
Amer Centrale;
Ames Europe Enschede BV;
Amsterdam Meat Company Ameco BV;
AOC Nederland BV (Schoonebeek);
Apollo Vredestein BV;
apt Extrusions BV;
Aquinos BV (Kesteren);
Archer Daniels Midland Europoort BV (ADM);
Ardagh Glass Dongen BV;
Ardagh Glass Moerdijk BV;
Ardagh Metal Packaging Netherlands BV;
Argent Energy;
Arkema BV Location Brummen;
Arkema BV location Rotterdam;
ARKEMA BV location Vlissingen;
Arla Foods BV;
ARN BV;
Asfaltcentrale Gebr Van der Lee VOF;
Ashland Industries Nederland B.V.;
Aspen Oss BV (locatie De Geer);
Aspen Oss BV (locatie Moleneind);
Attero BV;
Attero locatie Landgraaf;
Attero locatie Montfort;
Attero locatie Schinnen;
Attero Wilp;
Attero Zuid BV (Moerdijk);
Ausnutria Kampen BV;
Ausnutria Ommen BV;
Avebe ba (DWM Veendam);
Avebe ba (Latenstein);
Avebe ua (Foxhol);
Avebe ua (Gasselternijveen);
Avery Dennison Materials BV;
Avery Dennison Materials Nederland BV;
Aviko BV;
AVR Afvalverwerking BV (Duiven);
AVR NV (Rotterdam);
AVR-Afvalverwerking;
Avri;
A-ware Zaandam BV;
AWZI Almere;
AWZI De Groote Lucht (Hoogheemraadschap van Delfland);
AWZI Gouda;
AWZI Houtrust (Hoogheemraadschap van Delfland);
AWZI Katwijk;
AWZI Kralingseveer (Hoogheemraadschap van Schieland);
AWZI Leiden Noord;
AWZI Leiden Zuidwest;
AWZI Lelystad;
AWZI Nieuwe Waterweg;
AWZI Tollebeek;
Baggerspeciedepot IJsseloog;
Bakelite Botlek Rotterdam;
Bammens BV;
BASF Nederland BV;
BASF Nederland BV De Meern;
BC Components Zwolle BV;
BECC BV;
BES Exploitatie BV;
Betap Tufting BV;
BEWI RAW BV;
Biegelaar BV;
Bieze Stork BV;
BioMCN BV;
BN International BV;
Boal BV;
Bodewes Binnenvaart BV;
Boehringer Ingelheim Animal Health Operations bv;
Bonar Plastics BV;
Bostik Nederland BV;
Brabant Alucast The Netherlands - site Heijen;
Brunner Mond BV (inrichting bestaat niet meer);
Bunge Loders Croklaan Rotterdam;
Bunge Loders Croklaan Worrmerveer;
Bunge Netherlands BV;
Burgers Flexiprint;
BV Afvalverbranding Zuid Nederland (AZN);
BV Esbro;
C & T Technics;
C<e9>r<e9>lia Netherlands BV;
C<ea>laVita BV;
Caldic Chemie Produktie BV;
Caligen Europe BV;
Campina B V;
Campina BV (Heiloo);
Campina BV (Hilversum);
Campo Coprint BV;
Caradon Stelrad BV;
CARBOGEN AMCIS BV;
Cargill Benelux BV;
Cargill Bioindustrial BV;
Cargill BV;
Cargill BV (Multiseed);
Cargill Cocao Aurora;
Cargill Cocoa Wormer;
Cargill Refined Oils Europe;
Carlisle Construction Materials BV;
Celanese Production Netherlands BV;
Centrale Bergum;
Centrale Gelderland;
Centrale Harculo;
Cerexagri BV;
Cerexagri BV / ARKEMA Rotterdam BV;
Chamlon BV;
ChemCom Industries BV;
Chemelot Site Permit BV;
Cirrus Energy Nederland;
Clauscentrale;
Climax Molybdenum BV;
CNC;
Co<f6>peratie AVEBE UA;
COATEX Netherlands BV;
Coatinc Alblasserdam BV;
Coatinc Anox bv;
Coatinc Groningen BV;
Coatinc Mook BV;
Coca Cola Europacific Partners BV;
Color Coating BV;
Compaxo Gouda BV;
Compaxo Vlees Zevenaar BV;
Compressorstation Noord Holland;
CONO Kaasmakers (Middenbeemster);
CONO Kaasmakers (Stompetoren);
Contitank BV;
Corus Tubes Arnhem;
Cosun Beet company (Puttershoek);
Cosun Beet Company-Dinteloord;
Cosun Beet Company-Vierverlaten;
Covestro (Netherlands) BV, vestiging Waalwijk;
CP Kelco;
CRH Nuth;
Crilux NV;
Crown van Gelder BV;
CSM Suiker BV (Wittouck);
Cumapol Emmen BV;
CurTec Nederland bv;
CZ Rouveen kaasspecialiteiten;
D<f6>hler Holland BV;
Dakpanfabriek Narvik Tegelen (Wienberger BV);
DAMCO Aluminium Delfzijl Co<f6>peratie UA;
DAMCO Aluminium Delfzijl Coöperatie U.A.;
Damen Schelde Naval Shipbuilding BV en Damen Shiprepair Vlissingen BV;
Damen Ship Repair Rotterdam (locatie Pernis);
Damen Shiprepair Rotterdam BV;
Damen Verolme BV;
Dana Petroleum Netherlands BV;
Danisco Zaandam BV;
DCL Corporation (NL) BV;
De Globe (Belfeld) BV;
de Ploeg BV;
Decontamination Services BV;
Delamine BV;
Demobedrijf1;
Deponie Zuid BV (Locatie De Kragge);
Deponie Zuid BV (Locatie Haps);
Deponie Zuid BV (Stortplaats Spinder);
Dienst Waterbeheer en Riolering;
Diffutherm BV;
Diolen Industrial Fibers BV;
DMV International, locatie Uitgeest;
DOC Kaas (Zuivelfabriek);
DOC Kaas (Zuivelpark);
Dokkumer Vlaggen Centrale BV;
Dossche Mils NV;
Dow Benelux BV;
Dow Benelux BV (Hoek);
Dr W Kolb Nederland BV;
Draad Nijmegen BV (onder de naam Smit Draad);
Draka Interfoam;
Driessen Grondwerken;
Driessen Grondwerken BV;
DSM Advanced Polyesters Emmen BV;
DSM Agro BV;
DSM Engineering Materials BV;
DSM Pharma Chemicals Venlo BV;
Ducor Petrochemicals BV;
Dunlop Conveyor Belting;
Dutch Biodiesel BV;
Dyka;
Eagle Simrax BV;
Eco Fuels Netherlands BV;
EcoFuels;
Ecopark De Wierde;
EcoTherm BV;
Edel Backing BV;
Edel Carpets BV;
EEW Energy from Waste Delfzijl BV;
Eft<e9> Coating BV;
Ekro BV;
Electrawinds GreenFuel BV;
Electric Glass Fiber NL, BV;
Elsta P&U;
E-MAX BILLETS;
Emerald Kalama Chemical Rotterdam BV;
EMMTEC Services BV;
Empyro BV;
ENCI BV (IJmuiden);
ENCI BV (Maastricht);
ENCI BV (Rotterdam);
Eneco Bio Golden Raand CV;
Eneco HWC Kanaleneiland;
Eneco HWC Nicolaas Beetsstraat;
Eneco HWC Nieuwegein;
Eneco HWC Overvecht;
Eneco Lage Weide;
Eneco Merwedekanaal;
ENECOGEN VOF;
Enerco BV;
ENGIE Energie Nederland NV;
Ennatuurlijk BV PS Tilburg;
Ennatuurlijk BV, PS Breda;
Ennatuurlijk BV, WKC Eindhoven;
Ennatuurlijk BV, WKC Enschede;
Ennatuurlijk BV, WKC Helmond;
Enrichment Technology Nederland BV;
Eon Locatie Delft;
EON Warmte Station Galileistraat;
EPS BV;
EPZ NV (Conventional Operations);
ESA BV;
ESD-SIC BV;
Eska BV;
Essent Energie Productie BV (Dongecentrale);
Essent Productie Geleen BV;
Essent WKC 's-Hertogenbosch;
Essity Operations Cuijk BV;
Esso Nederland BV (Raffinaderij Rotterdam);
Euro Support Advanced Materials BV;
EuroCeramic BV (Greswarenstraat);
Everris International BV;
EverZinc Nederland BV;
Evonik Peroxide Netherlands BV;
Evos Rotterdam BV;
Exploitatiemaatschappij J ter Horst BV;
Exportslachterij Clazing BV;
Exportslachterij J Gosschalk & Zn BV;
ExxonMobil Chemical Holland BV (RAP);
ExxonMobil Chemical Holland BV (ROP van RPI);
ExxonMobil Chemical Holland BV (RPP van RPI);
F Wellink Lekkerkerk BV;
Faber Vlagproduktie BV;
Farm Dairy BV;
Favini BV (Apeldoorn);
Ferdinand Zandbergen BV;
Ferro (Holland) BV (HS);
Ferro (Holland) BV (IW);
Fleuren Compost BV;
FNsteel BV;
Fokker Landing Gear;
Folding Boxboard Eerbeek bv;
Frico Cheese BV (Assen);
Frico Cheese BV (Elsloo);
Frico Slices BV (Raamsdonkveer);
Friese Ecologische Zuivel (Drachten);
Friesland Campina Nederland BV;
Friesland Foods Cheese;
Friesland Foods Cheese BV (Huizen);
Friesland Foods Cheese BV (Oosterwolde);
Friesland Foods Western Europe (Groningen);
FrieslandCampina (Leeuwarden);
FrieslandCampina (Workum);
FrieslandCampina Born;
FrieslandCampina Butter & Milkpowder - Den Bosch;
FrieslandCampina Butter&Milkpowder (Lochem);
FrieslandCampina Cheese BV (Leerdam);
FrieslandCampina Cheese Gerkesklooster;
FrieslandCampina Cheese Lutjewinkel;
FrieslandCampina Cheese Varsseveld;
FrieslandCampina Dairy Essentials Steenderen;
FrieslandCampina DMV BV;
FrieslandCampina Domo (Borculo);
FrieslandCampina Domo BV (Beilen);
FrieslandCampina Eindhoven (Consumer Products Europe);
FrieslandCampina Kievit (Meppel);
FrieslandCampina Limmen (Ecomel);
FrieslandCampina Maasdam;
FrieslandCampina Nederland BV;
FrieslandCampina Nuenen;
FrieslandCampina Oud Gastel;
FrieslandCampina Rijkevoort (Holland Cheese);
FrieslandCampina Rotterdam;
FrieslandCampina Tilburg (Holland Cheese);
FrieslandCampina Wolvega;
Galvanisch Bedrijf Chromolux;
Galvaniseerbedrijf De Vries BV;
Galvano Hengelo BV;
Galvoned BV;
Gasunie Exportstation Hilvarenbeek;
Gasunie Exportstation 's Gravenvoeren;
Gasunie mengstation Kootstertille (FR);
Gasunie Transport Service BV - compressorstation Grijpskerk;
Gasunie Transport Services BV;
Gasunie Transport Services BV - compressorstation Scheemda;
Gasunie Transport Services BV - compressorstation Spijk;
Gasunie Vilsteren / Ommen;
Gasunie Zweekhorst;
Gecombineerde Pluimvee Slachterijen (GPS);
Gesloten stortplaats Armhoede;
Gesloten stortplaats De Keyenberg;
Gesloten stortplaats De Langenberg;
Gesloten stortplaats Ullerberg;
Gieterij Doesburg BV;
Givaudan Nederland BV (Barneveld);
Givaudan Nederland BV (Naarden);
GKN Fokker Aerostructures BV;
Global Food Group BV;
GMB BioEnergie Tiel BV;
GMB BioEnergie Zutphen BV;
GOC Real Estate BV (North Refinery Refining & Trading Company);
Goglio North Europe BV;
Green Box Computing BV;
Greenergy Biofuels Amsterdam BV;
Greif Nederland BV;
Greif Nederland Closure Systems;
Groen Gas Gelderland BV;
Groot Zevert Vergisting;
GTO Plating BV;
Gunvor Energy Rotterdam BV (GPR);
Hak BV;
Handelsonderneming A Smit & Zoon BV;
Handelsonderneming Technivet Ermelo BV/Gerbuvet BV;
Hartog Containers BV;
Heijchroom BV;
Heineken Netherlands Supply BV (Den Bosch);
Heineken Netherlands Supply BV, brouwerij Zoeterwoude;
Heiploeg International BV;
Helvoet Rubber & Plastic Technologies BV;
Henkel Nederland Operations BV;
Hevea BV;
Hilton Meats Zaandam BV;
Hitmetal BV;
HJ Heinz Holding BV;
Hochwald Foods Nederland bv;
Hogeslag-Olst BV;
Holland Malt BV;
Holonite BV (Halsteren);
Holonite BV (Tholen);
Honeywell Fluorine Products Europe BV;
Hoogheemraadschap Hollands Noorderkwartier RWZI Alkmaar;
Hoogheemraadschap Hollands Noorderkwartier RWZI Beemster;
Hoogheemraadschap Hollands Noorderkwartier RWZI Den Helder;
Hoogheemraadschap Hollands Noorderkwartier RWZI Geestmerambacht;
Hoogheemraadschap Hollands Noorderkwartier RWZI Wervershoof;
Hoogheemraadschap Hollands Noorderkwartier RWZI Zaandam-Oost;
Hoogheemraadschap Hollands Noorderkwartier SDI/RWZI Beverwijk;
Hoogweg Paprikakwekerijen BV;
Hunter Douglas Europe BV;
Huntsman Holland BV;
HVC AfvalEnergieCentrale Dordrecht;
HVC NV;
HVC Slibverbrandingsinstallatie;
HWC Ypenburg;
Hydro Extrusion Drunen;
Hydro Extrusion Harderwijk;
Hydro Extrusion Hoogezand BV;
ICL FERTILIZERS EUROPE CV;
ICL-IP Terneuzen BV;
IFF Nederland BV;
IHC Kinderdijk;
IHC Krimpen;
IHC Sliedrecht Molendijk;
IJsselland Bio Fuels BV;
Industriewater Eerbeek;
Ingensche Waarden;
Init Polymers bv(failliet per 01-08-08);
Inter-Che-M BV;
Interface International BV;
Intervet international BV;
INV NYLON CHEMICALS NETHERLANDS BV;
JA Ter Maten Pluimveebedrijf BV;
Janoschka Benelux BV;
Janssen Biologics BV;
JAZO Zevenaar BV;
Johan van den Acker Textielfabriek BV;
Kamp Coating Apeldoorn BV;
Kanola Vethandel;
Kaptein PCF;
Katwijk Chemie BV;
KBM Master Alloys BV;
KBM Master Alloys BV (Oss);
Keizersberg Diervoeders (Elsendorp);
Keizersberg Diervoeders Elsendorp BV;
Kemira Rotterdam BV - locatie Botlek;
Kemira Rotterdam BV locatie Europoort;
Kerry Bio-Science (Utrecht);
Kesgro;
KH Dairy Sourcing BV;
KH de Jong VVL (FrieslandCampina);
Kistos NL2 BV & Kistos NL1 BV (voorheen Tulip Oil Netherlands Offshore BV & Tulip Oil Netherlands BV;
KIVO Plastic Verpakkingen;
KLK Kolb Specialties BV;
KME Netherlands BV;
Kok Gorinchem BV;
Komeco BV;
Kon Textielfabr JA Raymakers & Co BV (veredeling);
Kon Textielfabr JA Raymakers & Co BV (weverij);
Koninklijke ERU Kaasfabriek BV;
Koninklijke Mosa BV Wandtegelfabriek;
Koninklijke Niestern Sander;
Koninklijke Verpakkingsindustrie Stempher BV ( folie );
Koninklijke Verpakkingsindustrie Stempher BV ( papier );
Koninklijke VIVBuisman BV;
Koninklijke Zeelandia;
Koole Tankstorage Botlek BV;
Koole Tankstorage Botlek II BV;
Koole Tankstorage Minerals;
Koster Keunen Holland BV;
Krehalon BV;
Kriek Poedercoaten BV;
Kwekerij De Wieringermeer;
Lactalis Leerdammer BV (Schoonrewoerd);
Lamb Weston / Meijer Potatoes;
Lamb Weston / Meyer VOF (Klooster Lidlum);
Lantor BV;
LANXESS Manufacturing Netherlands BV;
Lawter Maastricht BV;
LBC Rotterdam BV;
LDM bv;
Leo Schellens BV;
LF Casting BV;
Lieftink Geveltechniek BV;
Lincoln Smitweld BV;
Linde Gas Dieren;
Linde Gas IJmuiden;
LOA Deege;
locatie Boeldershoek;
locatie Braambergen (Almere);
locatie Brunssum (Brunssum);
locatie Elhorst Vloedbelt;
Locatie Weert;
locatie Wieringermeer (Middenmeer);
locatie Zeeasterweg (Lelystad);
Loparex BV;
Lubrizol Advanced Materials Resins BV;
Luchthaven Lelystad NV;
Lucite International Holland Alpha BV;
Luxan BV;
Lyondell Chemical Nederland Ltd;
Lyondellbasell;
LyondellBasell Covestro Manufacturing Maasvlakte VOF;
M&R Claushuis BV;
Maasstroom Energie CV;
Maastricht Aachen Airport (MAA);
MAIN BV;
Main BV (Jan van Riebeeckhavenweg);
Mannesmann Precision Tubes Netherlands BV;
Martens Havenontvangstinstallatie Vlissingen BV;
Mauser Benelux BV;
Maxima-centrale;
McCain Foods Holland BV (Lelystad);
MCi (Mirror Controls International) Netherlands BV;
Mead Johnson BV;
MediaMotion Manufacturing BV;
Meldon Plastics BV;
Merck Sharp & Dohme BV;
Mestdrogerij Hubun;
MGG Netherlands BV;
Mineralz Zweekhorst BV;
Minnewit BV (Berkelcentrale);
Mitsubishi Chemical Advanced Materials BV;
Monier BV (Tegelen);
Monier BV (Woerden);
MRC Plating Products BV;
N+P Rotterdam MRF BV;
NEDAL Aluminium BV (Utrecht);
Nederlandse Aardolie Maatschappij BV;
Nederlandse Industrie van Eiprodukten (NIVE) BV;
Nederlandse Onttinningsfabriek BV;
Nedmag BV;
Nedschroef Helmond BV;
Nedzink BV;
Neenah Coldenhove BV;
Neptune Energy Netherlands BV;
Neste Netherlands BV;
Nestl<e9> Nederland BV (Nunspeet);
Niacet BV;
Nieboer Recycling & Handel BV;
Nijmeegsche IJzergieterij BV;
Nobian Chemicals BV (Hengelo);
Nobian Industrial Chemicals BV - SSC (Shared Service Center);
Nobian Industrial Chemicals BV (Rotterdam);
Noblesse Proteins BV;
Norit Nederland BV;
Norit Nederland BV (Zaandam);
NorthC Almere;
Northern Petroleum Nederland BV;
Nouryon Functional Chemicals;
Nouryon Functional Chemicals BV;
Nouryon Performance Formulations bv;
Nuon Power Generation BV (Buggenum);
Nuon Power Generation BV (Lage Weide / Merwedekanaal);
Nuon Power Generation BV Purmerend WKC;
Nutricia Cuijk BV;
Nutrifeed Veghel BV;
NV Nederlandse Gasunie - compressorstation Aldeboarn;
NV Nederlandse Gasunie (Wieringermeer);
NV Nutricia Zoetermeer;
NV Organon vergunning ingetrokken;
Oefenbedrijf3;
O-I Manufacturing Netherlands BV Schiedam;
O-I Netherlands BV (Leerdam);
O-I Netherlands BV (Maastricht);
Olam Cocoa BV;
Olenex Edible Oils BV;
Ondergrondse aardgasopslag Zuidwending;
ONE-Dyas BV;
OPTICOLOR International BV;
OQ Chemicals Nederland BV;
Ossfloor Tapijtfabrieken BV;
Ottink Vleeskalveren en Mestverwerking BV;
Ovako Twente BV;
Pali Geldrop BV;
Parker Hannifin Manufacturing Netherlands (Hose) BV;
PeakShaver Maasvlakte;
Peka Kroef BV Odiliapeel;
Pembroek BV;
Perfon BV / Oerlemans Packaging BV;
Petrogas E&P Netherlands BV;
PFW Aroma ingredients bv;
Pharr Holland BV;
Phoenix BV;
Plaatijzerindustrie Apeldoorn;
Plasthill BV;
Plasticon The Netherlands  BV;
Plasticon The Netherlands BV;
Plixxent BV;
Pluimveeslachterij GP Remkes BV;
Pluimveeslachterij Van den Bor BV;
Pluimveeverwerking Gebroeders Heijs BV;
Pluimveeverwerkingsbedrijf Jan van Ee BV;
Plukon Goor BV;
Plukon Wezep BV;
Polaroid (Europa) BV;
Polskamp BV;
Polylac Holland BV;
Power Plant Rotterdam;
PPG Coatings BV;
PPG Industries Delfzijl BV;
PQ Nederland BV;
Pregis BV;
PreZero Energy Roosendaal BV;
PreZero Recycling Services Noord BV;
Primo Netherlands BV;
Promelca BV (Gorinchem);
Proviande Beef;
Prysmian Netherlands BV;
Putman recycling BV;
Putman Recycling BV (Westervoort);
PVS Chemicals Holland BV;
QEW Engineered Rubber BV;
Quaker Chemical BV (A Quaker Houghton Company);
Quality Technology Services BV;
Quest International;
R<fc>tgers Resins BV;
Radboudumc & Radboud Universiteit Nijmegen;
Ravenstein;
Recycling Barneveld BV;
Recycling Kombinatie REKO BV;
Refresco Benelux BV;
Remat Chemie BV;
Remia CV;
REMONDIS PMR BV;
Renewi Drachten - Stuurboord;
Renewi Nederland BV - Drachten-De Lier;
Renewi Nieuwegein;
Renewi Smink Amersfoort;
Renewi Stadskanaal;
Renolit Nederland BV;
Reststoffen Bewerkingsinstallatie;
Reststoffen Energie Centrale (REC);
Reterra BV;
Reym Delfzijl;
Riedel BV;
Rinos BV;
Rioolwaterzuiveringsinstallatie (RWZI) Roermond;
Rioolwaterzuiveringsinstallatie Hengelo;
Roba Metals BV;
Rodruza Steenfabriek de Zandberg;
Rosier Nederland BV;
Rotocoat Dieren BV;
ROVA Afvalverwerkingslocatie Bovenveld;
Royal Lactalis Leerdammer BV (Dalfsen);
Royal Pride Holland;
Rubber Resources BV;
Ruigenhil Vastgoed BV (Nedstaal/FNSteel/Heros);
Ruijtenberg Shipyard BV;
RWE Eemshaven Holding II BV;
RWZI Aarle-Rixtel (Waterschap Aa en Maas);
RWZI Almelo-Sumpel (WS Regge en Dinkel);
RWZI Amersfoort;
RWZI Amstelveen (HH Amstel, Gooi en Vecht);
RWZI Apeldoorn;
RWZI Arnhem-Zuid;
RWZI Asten (Waterschap Aa en Maas);
RWZI Bath;
RWZI Den Bosch (Waterschap Aa en Maas);
RWZI Deventer;
RWZI Dinther (Waterschap Aa en Maas);
RWZI Dokhaven en Slibverwerkingsinstallatie Sluisjesdijk;
RWZI Dongemond;
RWZI Dordrecht;
RWZI Echten;
RWZI Ede;
RWZI Eindhoven (Waterschap De Dommel);
RWZI Elburg;
RWZI Emmen;
RWZI Enschede;
RWZI Etten;
RWZI Goor;
RWZI Haarlem-Waarderpolder;
RWZI Harderwijk;
RWZI Harnaschpolder (Hoogheemraadschap van Delfland);
RWZI Hellevoetsluis;
RWZI Hilversum (HH Amstel, Gooi en Vecht);
RWZI Hoensbroek;
RWZI Horstermeer (HH Amstel, Gooi en Vechtstreek);
RWZI Land van Cuijk (Waterschap Aa en Maas);
RWZI Leeuwarden;
RWZI Leidsche Rijn;
RWZI Maastricht-Limmel;
RWZI Nieuwegein;
RWZI Nieuwgraaf (Waterschap Rijn en IJssel);
RWZI Nieuwveer;
RWZI Nijmegen (Waterschap Rivierenland);
RWZI Oijen (Waterschap Aa en Maas);
RWZI Renkum;
RWZI Rijen;
RWZI Schelluinen;
RWZI Sleeuwijk/Zuivering Sleeuwijk;
RWZI Soest;
RWZI Susteren;
RWZI Terneuzen;
RWZI Terwolde;
RWZI Tilburg Noord;
RWZI Utrecht (Hoogheemraadschap de Stichtse Rijnlanden);
RWZI Veenendaal;
RWZI Venlo;
RWZI Vinkel (Waterschap Aa en Maas);
RWZI Walcheren;
RWZI Weesp;
RWZI West;
RWZI Westpoort;
RWZI Willem Annapolder;
RWZI Zutphen;
RWZI Zwijndrecht;
RWZI Zwolle;
RZB Holding BV;
S<fc>dpack  Grootegast BV;
SABA Dinxperlo BV;
SABIC Innovative Plastics BV;
SACHEM Europe BV;
Saica Flex Netherlands BV;
Saint Gobain Construction Products NL BV;
Sappi Nijmegen BV/InnovioPapers;
SARPI Netherlands BV;
Saturn Petcare;
SC Johnson Europlant BV;
SCA Hygiene Products BV (Suameer);
SCA Hygiene Products BV (Tilburg);
Scania Production Zwolle BV;
Scheepswerf De Hoop BV;
Scheepswerf Gelria BV;
Scheepswerf Kooiman BV;
Scheepswerf Kooiman Hoeb<e9>e BV;
Schiffers Food BV;
Schut Papier BV;
Sea Way Chemical Processing BV;
Sealed Air BV;
Seasun;
Sensus Roosendaal & Sensus Zwolle;
Shell Nederland Chemie BV (Moerdijk);
Shell Nederland Chemie BV (Pernis);
Shin-Etsu PVC BV (VCM Botlek);
Shipdock BV;
Sibelco Geertruidenberg;
Sibelco Winterswijk;
Sime Darby Oils Zwijndrecht Refinery BV;
Slachthuis Kerkrade BV;
Slibverwerking Noord-Brabant NV;
Sloe Centrale BV (Vlissingen);
Smilde Foods BV(Heerenveen);
Smurfit Kappa Parenco BV;
Solidus Solutions Board Bad Nieuweschans BV;
SOLIDUS SOLUTIONS Board BV Coevorden;
Solidus Solutions Board Groningen-Hoogkerk;
Solidus Solutions Board Oude Pekela;
Solvay Chemie BV;
Sonac Almere BV;
Sonac Harlingen BV;
Sonac Loenen BV;
Sonneborn Refined Products BV (Amsterdam);
Sortiva BV;
SPGPrints;
Spirit Energy Nederland BV;
Staalstraal Brabant BV;
Stahl Europe BV;
Standic BV;
Steenfabriek De Waalwaard BV;
Steenfabriek Nievelsteen BV;
Steenfabriek Rossum BV;
Steenfabriek Spijk BV;
Steenfabriek Tolkamer BV;
Steenfabriek Vogelensangh BV;
Steenfabriek Zennewijnen;
Stegeman CV;
Steinzeug-Keramo BV (Belfeld);
Stepan Nederland BV;
Sterling Resources Netherlands BV;
Stichting AL-terrein;
Stichting Mestverwerking Gelderland SMG (KGBI Ede);
Stichting Mestverwerking Gelderland SMG (KGBI Elspeet);
Stichting Mestverwerking Gelderland SMG (KGBI Putten);
Stichting Mestverwerking Gelderland SMG (KGBI Stroe);
Stinoil Holding BV;
Stora Enso;
Storteboom Fresh BV (Putten);
Storteboom Kornhorn BV;
Stortplaats Koegorspolder BV (OLAZ);
Stortplaats Noord- en Midden-Zeeland BV (OLAZ);
Straalbedrijf AJ den Breejen & Zonen BV;
Struik Foods Netherlands;
Suiker Unie (Groningen);
Summa petfood BV;
Supply Point Cuijk BV;
SVP Productie BV - Hulpwarmtecentrale 1;
Swinkels Family Brewers NV;
Synprodo Produktie BV;
Synres BV;
Synthomer Hasselt BV;
Synthos Breda BV;
T Boer & zn;
TANATEX Chemicals BV;
Tapijtfabriek Intercarpet BV;
TAQA Energy BV;
Tarkett lokatie Waalwijk;
Tata Steel IJmuiden BV;
Tata Steel Nederland Tubes BV locatie Maastricht;
Tata Steel Nederland Tubes BV locatie Oosterhout;
Tata Steel Nederland Tubes BV locatie Zwijndrecht;
Teijin Aramid BV;
Teijin Aramid BV (Arnhem);
Ten Cate Protect BV;
Textielfabrieken H van Puijenbroek BV;
Thales Nederland BV;
Theo Pouw Beheer BV;
Theo Pouw Secundaire Bouwstoffen BV;
ThermPhos International BV;
TotalEnergies E&P Nederland bv;
Tricot Industrie Grave BV;
Tricotververij Limburg BV;
Trioworld Apeldoorn BV;
Trioworld Harlingen;
Trivium Aluminium Packaging Netherlands BV;
Trobas Gelatine BV;
Tronox Pigments (Holland) BV;
TU Delft Warmtekrachtcentrale;
Tyson Foods Oosterwolde BV;
Ulamo Coating BV;
Unidek Produktie / Van Dijk Produktie BV;
Uniper Benelux NV (Maasvlakte);
Uniper Centrale Den Haag;
Uniper HWC Bezuidenhout-West;
Uniper HWC Delftsevaart;
Unipol Holland BV;
Upfield Sourcing Nederland BV;
UZIMET BV;
Valtris AO Maastricht bv;
Van der Velden Rioleringsbeheer Buren BV, locatie Schalkwijk;
Van Heek textiles BV;
Van Merksteijn International BV;
Van Oerle Alberton BV (Boxtel);
Van Rooi Meat BV (Helmond);
Van Swaay Duurzaam Hout Schijndel;
Van Voorden Gieterijen BV;
Vandersanden Beek BV;
Vattenfall Power Generation BV (Diemen);
Vattenfall Power Generation BV (Eemshaven);
Vattenfall Power Generation BV (Hemweg);
Vattenfall Power Generation BV (HWC Almere Stad);
Vattenfall Power Generation BV (HWC Hogering/WKC Almere);
Vattenfall Power Generation BV (IJmond 1);
Vattenfall Power Generation BV (Velsen);
Vattenfall Warmte NV (HWC Duiven Westervoort);
Vattenfall Warmte NV (HWC Schuytgraaf);
VDL Castings Heerlen BV;
VDL Castings Weert BV;
Veco BV;
Veco Zuivel BV;
Vecom Metal Treatment BV;
Venilia Decor BV;
Vermilion Energy Netherlands BV;
Vernay Europa BV;
Verpakkingsindustrie Velsen BV;
Verzinkerij Meerveldhoven BV;
Verzinkerij Twente BV;
Verzinkerij Van Aert BV;
Verzinkerij Weert BV en Electrocoat BV Weert Groep;
Verzinkerij West Brabant BV;
VHP Security Paper BV;
Vika BV;
VION Apeldoorn BV;
VION Helmond BV;
Vitelco BV;
Vleeswarenfabriek Persoon BV;
Vloertegelfabriek Koninklijke Mosa BV;
voestalpine Automotive Components Bunschoten BV;
Vrije Universiteit Amsterdam;
Vrumona;
Vulcanus Castings BV;
Waeles Nederland BV;
Walkro Blitterswijck BV;
Wartsila Netherlands BV;
Waterschap Noorderzijlvest - RWZI Garmerwolde;
Waterstromen Lichtenvoorde BV;
Wavin Diensten BV;
WEPA Nederland BV;
Westfort IJsselstein;
Westfort Vleesproducten;
Westfort VOF;
Westlake Epoxy BV;
Wienerberger Bricks BV (Spijk);
Wienerberger BV;
Wienerberger BV Elst;
Wienerberger Dakpanfabriek Janssen-Dings;
Wienerberger Steenfabriek Bemmel;
Wienerberger Steenfabriek De Nijverheid/De Volharding;
Wienerberger Steenfabriek De Vlijt;
Wienerberger Steenfabriek Doorwerth;
Wienerberger Steenfabriek Haaften;
Wienerberger Steenfabriek Heteren;
Wienerberger Steenfabriek Kijfwaard Oost;
Wienerberger Steenfabriek Kijfwaard West;
Wienerberger Steenfabriek Nuance;
Wienerberger Steenfabriek Poriso;
Wienerberger Steenfabriek Schipperswaard;
Wienerberger Steenfabriek Thorn;
Wienerberger Steenfabriek Wolfswaard;
Wintershall Noordzee BV;
WKC Bergen op Zoom;
WKC De Eendracht;
WKC De Grift;
WKC Ypenburg;
Woodvision BV;
Wubben Handelsmaatschappij BV;
Wuppermann Staal Nederland BV;
Xella Kalkzandsteen De Hazelaar BV;
Yakult Nederland BV;
YARA Sluiskil BV;
Yara Vlaardingen BV;
Zavin CV;
Zeeland Aluminium Company (Zalco BV);
Zeolyst CV;
Zincoat BV;
Zuivelfabriek De Graafstroom;
Zwanenberg Food Group BV;
Zwanenberg Food Oss bv;
